post_id,user_post,processed_post,topic,cluster,cluster_label,sentiment_scores,neg,neu,pos,compound,positive_membership,negative_membership,neutral_membership
1,User1234: Absolutely love the new Riverside Park! The walking trails are beautiful and perfect for my morning jogs. üå≥üèÉ‚Äç‚ôÄÔ∏è,absolutely love new riverside park walking trail beautiful perfect morning jog,1,3,3,"{'neg': 0.0, 'neu': 0.564, 'pos': 0.436, 'compound': 0.9244}",0.0,0.564,0.436,0.9244,0.436,0.0,0.564
2,"GreenThumb89: The new park is a great addition, but I wish there were more shaded areas. It's pretty sunny most of the day.",new park great addition wish shaded area pretty sunny day,1,3,3,"{'neg': 0.0, 'neu': 0.547, 'pos': 0.453, 'compound': 0.9337}",0.0,0.547,0.453,0.9337,0.453,0.0,0.547
3,CityDweller: Not sure about this new park. It feels like it's taking up space that could be used for affordable housing.,sure new park feel like taking space could used affordable housing,3,0,0,"{'neg': 0.084, 'neu': 0.81, 'pos': 0.107, 'compound': 0.1376}",0.084,0.81,0.107,0.1376,0.10689310689310688,0.0839160839160839,0.8091908091908091
4,HappyHiker: Spent the afternoon with my family at the new park. The playground is fantastic and the picnic areas are well-maintained!,spent afternoon family new park playground fantastic picnic area wellmaintained,1,3,3,"{'neg': 0.0, 'neu': 0.837, 'pos': 0.163, 'compound': 0.5983}",0.0,0.837,0.163,0.5983,0.163,0.0,0.837
5,"UrbanPlanner: I appreciate the effort to add green spaces, but the layout seems cramped. It might get too crowded on weekends.",appreciate effort add green space layout seems cramped might get crowded weekend,1,3,3,"{'neg': 0.0, 'neu': 0.911, 'pos': 0.089, 'compound': 0.2144}",0.0,0.911,0.089,0.2144,0.089,0.0,0.911
6,NatureLover: The biodiversity in the new park is impressive. Saw several bird species I haven't seen in years. ü¶âüåø,biodiversity new park impressive saw several bird specie havent seen year,1,3,3,"{'neg': 0.0, 'neu': 0.837, 'pos': 0.163, 'compound': 0.5106}",0.0,0.837,0.163,0.5106,0.163,0.0,0.837
7,"TrafficJammed: Ever since the park opened, traffic around the area has doubled. Parking is a nightmare!",ever since park opened traffic around area doubled parking nightmare,3,2,2,"{'neg': 0.0, 'neu': 1.0, 'pos': 0.0, 'compound': 0.0}",0.0,1.0,0.0,0.0,0.0,0.0,1.0
8,"FitnessFan: The outdoor gym equipment in the park is a game-changer. Finally, a place to work out without paying a membership.",outdoor gym equipment park gamechanger finally place work without paying membership,4,0,0,"{'neg': 0.0, 'neu': 1.0, 'pos': 0.0, 'compound': 0.0}",0.0,1.0,0.0,0.0,0.0,0.0,1.0
9,"SkepticalSam: Looks nice, but I‚Äôm worried about the safety at night. Better lighting and security are needed.",look nice im worried safety night better lighting security needed,0,0,0,"{'neg': 0.102, 'neu': 0.439, 'pos': 0.459, 'compound': 0.8674}",0.102,0.439,0.459,0.8674,0.459,0.102,0.439
10,FamilyFirst: My kids love the new splash pad! It's kept them entertained for hours. Great addition for families.,kid love new splash pad kept entertained hour great addition family,1,3,3,"{'neg': 0.0, 'neu': 0.571, 'pos': 0.429, 'compound': 0.906}",0.0,0.571,0.429,0.906,0.429,0.0,0.571
11,"OldTimer: I remember when this area was just vacant land. Glad it's been transformed, but miss the old charm a bit.",remember area vacant land glad transformed miss old charm bit,3,2,2,"{'neg': 0.081, 'neu': 0.682, 'pos': 0.237, 'compound': 0.5647}",0.081,0.682,0.237,0.5647,0.237,0.081,0.682
12,EcoWarrior: Kudos to the city for implementing solar lighting and sustainable materials in the park's construction. üåû‚ôªÔ∏è,kudos city implementing solar lighting sustainable material park construction,0,0,0,"{'neg': 0.0, 'neu': 0.829, 'pos': 0.171, 'compound': 0.5106}",0.0,0.829,0.171,0.5106,0.171,0.0,0.829
13,"BudgetWatcher: The park is nice, but the costs seem too high. Where is the funding coming from?",park nice cost seem high funding coming,0,0,0,"{'neg': 0.0, 'neu': 0.894, 'pos': 0.106, 'compound': 0.2263}",0.0,0.894,0.106,0.2263,0.106,0.0,0.894
14,PetOwner: Awesome that there's a designated dog area! My pups have a blast and it's separated from the main paths.,awesome there designated dog area pup blast separated main path,1,2,2,"{'neg': 0.0, 'neu': 0.795, 'pos': 0.205, 'compound': 0.6588}",0.0,0.795,0.205,0.6588,0.205,0.0,0.795
15,ArtLover: The sculptures and art installations in the park are inspiring. Makes the space feel culturally rich.,sculpture art installation park inspiring make space feel culturally rich,3,0,0,"{'neg': 0.0, 'neu': 0.701, 'pos': 0.299, 'compound': 0.7506}",0.0,0.701,0.299,0.7506,0.299,0.0,0.701
16,"NoiseNerd: Too many events and concerts in the park. It's supposed to be a peaceful place, not a festival ground.",many event concert park supposed peaceful place festival ground,2,1,1,"{'neg': 0.12, 'neu': 0.733, 'pos': 0.147, 'compound': 0.1461}",0.12,0.733,0.147,0.1461,0.147,0.12,0.733
17,"CyclistMike: Great bike trails! Finally, a safe place to ride without worrying about traffic.",great bike trail finally safe place ride without worrying traffic,4,1,1,"{'neg': 0.0, 'neu': 0.517, 'pos': 0.483, 'compound': 0.8529}",0.0,0.517,0.483,0.8529,0.483,0.0,0.517
18,"ConcernedNeighbor: Since the park opened, there's been an increase in litter around the vicinity. Maintenance needs improvement.",since park opened there increase litter around vicinity maintenance need improvement,2,0,0,"{'neg': 0.0, 'neu': 0.739, 'pos': 0.261, 'compound': 0.6486}",0.0,0.739,0.261,0.6486,0.261,0.0,0.739
19,TeenSpirit: The skate park section is sick! It‚Äôs the first of its kind in our city. üëçüõπ,skate park section sick first kind city,0,0,0,"{'neg': 0.15, 'neu': 0.682, 'pos': 0.168, 'compound': 0.1007}",0.15,0.682,0.168,0.1007,0.168,0.15,0.682
20,QuietQuinn: I go there every morning to read and meditate. It‚Äôs my sanctuary in the middle of the city.,go every morning read meditate sanctuary middle city,1,0,0,"{'neg': 0.0, 'neu': 1.0, 'pos': 0.0, 'compound': 0.0}",0.0,1.0,0.0,0.0,0.0,0.0,1.0
21,"LocalBusiness: Businesses near the park have seen more foot traffic, which is good for the local economy. Win-win!",business near park seen foot traffic good local economy winwin,3,3,3,"{'neg': 0.0, 'neu': 0.842, 'pos': 0.158, 'compound': 0.4926}",0.0,0.842,0.158,0.4926,0.158,0.0,0.842
22,WeatherWatcher: Not a fan of how the park looks in the rain. Some benches are slippery and there‚Äôs poor drainage.,fan park look rain bench slippery there poor drainage,3,0,0,"{'neg': 0.229, 'neu': 0.771, 'pos': 0.0, 'compound': -0.6202}",0.229,0.771,0.0,-0.6202,0.0,0.229,0.771
23,AccessibilityAdvocate: Kudos for making the park accessible for everyone. Ramps and wide paths make a big difference.,kudos making park accessible everyone ramp wide path make big difference,4,0,0,"{'neg': 0.0, 'neu': 0.82, 'pos': 0.18, 'compound': 0.5106}",0.0,0.82,0.18,0.5106,0.18,0.0,0.82
24,SafetySue: I‚Äôve heard reports of petty theft in the park after dark. Can the city increase patrols?,ive heard report petty theft park dark city increase patrol,2,0,0,"{'neg': 0.094, 'neu': 0.785, 'pos': 0.12, 'compound': 0.128}",0.094,0.785,0.12,0.128,0.12012012012012012,0.0940940940940941,0.7857857857857858
25,PicnicPro: Perfect spot for weekend picnics. Plenty of space and the views are amazing!,perfect spot weekend picnic plenty space view amazing,3,3,3,"{'neg': 0.0, 'neu': 0.606, 'pos': 0.394, 'compound': 0.8313}",0.0,0.606,0.394,0.8313,0.394,0.0,0.606
26,BudgetWatcher2: Still waiting for the promised upgrades to the park facilities. It feels incomplete.,still waiting promised upgrade park facility feel incomplete,0,0,0,"{'neg': 0.0, 'neu': 0.839, 'pos': 0.161, 'compound': 0.3612}",0.0,0.839,0.161,0.3612,0.161,0.0,0.839
27,EventEnthusiast: Looking forward to the summer concerts in the park! It‚Äôs going to bring the community together.,looking forward summer concert park going bring community together,1,1,1,"{'neg': 0.0, 'neu': 1.0, 'pos': 0.0, 'compound': 0.0}",0.0,1.0,0.0,0.0,0.0,0.0,1.0
28,GardenerGal: The community garden section is a fantastic idea. Can‚Äôt wait to plant my veggies there.,community garden section fantastic idea cant wait plant veggie,2,1,1,"{'neg': 0.0, 'neu': 0.795, 'pos': 0.205, 'compound': 0.5574}",0.0,0.795,0.205,0.5574,0.205,0.0,0.795
29,TechieTom: Why isn‚Äôt there free Wi-Fi in the park? It would be great for people who want to work outdoors.,isnt free wifi park would great people want work outdoors,0,3,3,"{'neg': 0.0, 'neu': 0.661, 'pos': 0.339, 'compound': 0.8271}",0.0,0.661,0.339,0.8271,0.339,0.0,0.661
30,"NightOwl: Love evening walks in the park, but the lighting on the paths needs to be brighter for safety.",love evening walk park lighting path need brighter safety,4,0,0,"{'neg': 0.0, 'neu': 0.623, 'pos': 0.377, 'compound': 0.8658}",0.0,0.623,0.377,0.8658,0.377,0.0,0.623
31,CommunityKid31: The new basketball courts are awesome! My friends and I play there every day after school.,new basketball court awesome friend play every day school,2,3,3,"{'neg': 0.0, 'neu': 0.568, 'pos': 0.432, 'compound': 0.8718}",0.0,0.568,0.432,0.8718,0.432,0.0,0.568
32,UrbanCritic: Feels like the park was designed without considering the needs of all residents. More input from the community is needed.,feel like park designed without considering need resident input community needed,2,0,0,"{'neg': 0.0, 'neu': 0.889, 'pos': 0.111, 'compound': 0.3612}",0.0,0.889,0.111,0.3612,0.111,0.0,0.889
33,SunshineSarah: The open fields are perfect for flying kites and playing frisbee. Love the spaciousness!,open field perfect flying kite playing frisbee love spaciousness,4,3,3,"{'neg': 0.0, 'neu': 0.546, 'pos': 0.454, 'compound': 0.8748}",0.0,0.546,0.454,0.8748,0.454,0.0,0.546
34,"BusyBee45: It's nice to have a green space nearby, but sometimes it feels deserted and uninviting during weekdays.",nice green space nearby sometimes feel deserted uninviting weekday,4,0,0,"{'neg': 0.0, 'neu': 0.894, 'pos': 0.106, 'compound': 0.2263}",0.0,0.894,0.106,0.2263,0.106,0.0,0.894
35,ArtisanAndy: The local artists' market set up in the park every weekend adds a vibrant touch. Support local talent!,local artist market set park every weekend add vibrant touch support local talent,3,3,3,"{'neg': 0.0, 'neu': 0.62, 'pos': 0.38, 'compound': 0.8478}",0.0,0.62,0.38,0.8478,0.38,0.0,0.62
36,GreenGuardian: Happy to see native plants being used. It helps support local wildlife and reduces maintenance.,happy see native plant used help support local wildlife reduces maintenance,2,3,3,"{'neg': 0.0, 'neu': 0.591, 'pos': 0.409, 'compound': 0.8402}",0.0,0.591,0.409,0.8402,0.409,0.0,0.591
37,ParkingParker: Finding a parking spot near the park is a hassle. Maybe the city can look into better parking solutions.,finding parking spot near park hassle maybe city look better parking solution,3,0,0,"{'neg': 0.0, 'neu': 0.777, 'pos': 0.223, 'compound': 0.5574}",0.0,0.777,0.223,0.5574,0.223,0.0,0.777
38,YogaYvonne: The morning yoga classes in the park are so peaceful. Great initiative for community wellness.,morning yoga class park peaceful great initiative community wellness,3,3,3,"{'neg': 0.0, 'neu': 0.533, 'pos': 0.467, 'compound': 0.908}",0.0,0.533,0.467,0.908,0.467,0.0,0.533
39,SilentObserver: Sometimes I just want a quiet place without kids running around. The park is too busy for my taste.,sometimes want quiet place without kid running around park busy taste,0,1,1,"{'neg': 0.0, 'neu': 0.929, 'pos': 0.071, 'compound': 0.0772}",0.0,0.929,0.071,0.0772,0.071,0.0,0.929
40,"BicycleBarry: The new bike racks are convenient, but more secure options are needed to prevent theft.",new bike rack convenient secure option needed prevent theft,2,3,3,"{'neg': 0.0, 'neu': 0.749, 'pos': 0.251, 'compound': 0.5704}",0.0,0.749,0.251,0.5704,0.251,0.0,0.749
41,ConcertLover: The amphitheater in the park is fantastic for live performances. Looking forward to more shows!,amphitheater park fantastic live performance looking forward show,1,1,1,"{'neg': 0.0, 'neu': 0.794, 'pos': 0.206, 'compound': 0.5983}",0.0,0.794,0.206,0.5983,0.206,0.0,0.794
42,"TrashTara: The trash bins are insufficient, leading to litter everywhere. Needs better waste management.",trash bin insufficient leading litter everywhere need better waste management,4,1,1,"{'neg': 0.158, 'neu': 0.678, 'pos': 0.164, 'compound': 0.0258}",0.158,0.678,0.164,0.0258,0.164,0.158,0.678
43,PicassoPatti: The mural near the entrance is stunning. Adds so much character to the park!,mural near entrance stunning add much character park,0,0,0,"{'neg': 0.0, 'neu': 0.829, 'pos': 0.171, 'compound': 0.4389}",0.0,0.829,0.171,0.4389,0.171,0.0,0.829
44,"RunnerRick: Great place for running, but some of the paths are uneven and need repair.",great place running path uneven need repair,4,1,1,"{'neg': 0.0, 'neu': 0.846, 'pos': 0.154, 'compound': 0.3716}",0.0,0.846,0.154,0.3716,0.154,0.0,0.846
45,FamilyGuy45: The family-friendly events organized by the park are wonderful. Keeps everyone engaged and entertained.,familyfriendly event organized park wonderful keep everyone engaged entertained,1,1,1,"{'neg': 0.0, 'neu': 0.569, 'pos': 0.431, 'compound': 0.8442}",0.0,0.569,0.431,0.8442,0.431,0.0,0.569
46,DigitalNomad: A few power outlets around would be awesome for those of us who like to work outdoors.,power outlet around would awesome u like work outdoors,4,3,3,"{'neg': 0.0, 'neu': 0.694, 'pos': 0.306, 'compound': 0.765}",0.0,0.694,0.306,0.765,0.306,0.0,0.694
47,SeniorSam: The benches are comfortable and plentiful. A nice place to sit and enjoy the scenery.,bench comfortable plentiful nice place sit enjoy scenery,4,0,0,"{'neg': 0.0, 'neu': 0.563, 'pos': 0.437, 'compound': 0.8519}",0.0,0.563,0.437,0.8519,0.437,0.0,0.563
48,LocalLaura: Glad the park has a map and information boards. Helps newcomers navigate and enjoy the space better.,glad park map information board help newcomer navigate enjoy space better,1,2,2,"{'neg': 0.0, 'neu': 0.526, 'pos': 0.474, 'compound': 0.8934}",0.0,0.526,0.474,0.8934,0.474,0.0,0.526
49,PlaygroundPaul: The new swings and slides are safe and fun. My kids haven‚Äôt stopped playing since it opened.,new swing slide safe fun kid havent stopped playing since opened,3,1,1,"{'neg': 0.079, 'neu': 0.586, 'pos': 0.335, 'compound': 0.7269}",0.079,0.586,0.335,0.7269,0.335,0.079,0.586
50,CommunityKid50: The new park has become the center of our neighborhood activities. Great job to the city planners!,new park become center neighborhood activity great job city planner,0,0,0,"{'neg': 0.0, 'neu': 0.795, 'pos': 0.205, 'compound': 0.6588}",0.0,0.795,0.205,0.6588,0.205,0.0,0.795
51,SunshineSarah51: The open fields are perfect for flying kites and playing frisbee. Love the spaciousness!,open field perfect flying kite playing frisbee love spaciousness,4,3,3,"{'neg': 0.0, 'neu': 0.546, 'pos': 0.454, 'compound': 0.8748}",0.0,0.546,0.454,0.8748,0.454,0.0,0.546
52,"BusyBee45: It's nice to have a green space nearby, but sometimes it feels deserted and uninviting during weekdays.",nice green space nearby sometimes feel deserted uninviting weekday,4,0,0,"{'neg': 0.0, 'neu': 0.894, 'pos': 0.106, 'compound': 0.2263}",0.0,0.894,0.106,0.2263,0.106,0.0,0.894
53,ArtisanAndy: The local artists' market set up in the park every weekend adds a vibrant touch. Support local talent!,local artist market set park every weekend add vibrant touch support local talent,3,3,3,"{'neg': 0.0, 'neu': 0.62, 'pos': 0.38, 'compound': 0.8478}",0.0,0.62,0.38,0.8478,0.38,0.0,0.62
54,GreenGuardian: Happy to see native plants being used. It helps support local wildlife and reduces maintenance.,happy see native plant used help support local wildlife reduces maintenance,2,3,3,"{'neg': 0.0, 'neu': 0.591, 'pos': 0.409, 'compound': 0.8402}",0.0,0.591,0.409,0.8402,0.409,0.0,0.591
55,ParkingParker: Finding a parking spot near the park is a hassle. Maybe the city can look into better parking solutions.,finding parking spot near park hassle maybe city look better parking solution,3,0,0,"{'neg': 0.0, 'neu': 0.777, 'pos': 0.223, 'compound': 0.5574}",0.0,0.777,0.223,0.5574,0.223,0.0,0.777
56,YogaYvonne: The morning yoga classes in the park are so peaceful. Great initiative for community wellness.,morning yoga class park peaceful great initiative community wellness,3,3,3,"{'neg': 0.0, 'neu': 0.533, 'pos': 0.467, 'compound': 0.908}",0.0,0.533,0.467,0.908,0.467,0.0,0.533
57,SilentObserver: Sometimes I just want a quiet place without kids running around. The park is too busy for my taste.,sometimes want quiet place without kid running around park busy taste,0,1,1,"{'neg': 0.0, 'neu': 0.929, 'pos': 0.071, 'compound': 0.0772}",0.0,0.929,0.071,0.0772,0.071,0.0,0.929
58,"BicycleBarry: The new bike racks are convenient, but more secure options are needed to prevent theft.",new bike rack convenient secure option needed prevent theft,2,3,3,"{'neg': 0.0, 'neu': 0.749, 'pos': 0.251, 'compound': 0.5704}",0.0,0.749,0.251,0.5704,0.251,0.0,0.749
59,ConcertLover: The amphitheater in the park is fantastic for live performances. Looking forward to more shows!,amphitheater park fantastic live performance looking forward show,1,1,1,"{'neg': 0.0, 'neu': 0.794, 'pos': 0.206, 'compound': 0.5983}",0.0,0.794,0.206,0.5983,0.206,0.0,0.794
60,"TrashTara: The trash bins are insufficient, leading to litter everywhere. Needs better waste management.",trash bin insufficient leading litter everywhere need better waste management,4,1,1,"{'neg': 0.158, 'neu': 0.678, 'pos': 0.164, 'compound': 0.0258}",0.158,0.678,0.164,0.0258,0.164,0.158,0.678
61,PicassoPatti: The mural near the entrance is stunning. Adds so much character to the park!,mural near entrance stunning add much character park,0,0,0,"{'neg': 0.0, 'neu': 0.829, 'pos': 0.171, 'compound': 0.4389}",0.0,0.829,0.171,0.4389,0.171,0.0,0.829
62,"RunnerRick: Great place for running, but some of the paths are uneven and need repair.",great place running path uneven need repair,4,1,1,"{'neg': 0.0, 'neu': 0.846, 'pos': 0.154, 'compound': 0.3716}",0.0,0.846,0.154,0.3716,0.154,0.0,0.846
63,FamilyGuy45: The family-friendly events organized by the park are wonderful. Keeps everyone engaged and entertained.,familyfriendly event organized park wonderful keep everyone engaged entertained,1,1,1,"{'neg': 0.0, 'neu': 0.569, 'pos': 0.431, 'compound': 0.8442}",0.0,0.569,0.431,0.8442,0.431,0.0,0.569
64,DigitalNomad: A few power outlets around would be awesome for those of us who like to work outdoors.,power outlet around would awesome u like work outdoors,4,3,3,"{'neg': 0.0, 'neu': 0.694, 'pos': 0.306, 'compound': 0.765}",0.0,0.694,0.306,0.765,0.306,0.0,0.694
65,SeniorSam: The benches are comfortable and plentiful. A nice place to sit and enjoy the scenery.,bench comfortable plentiful nice place sit enjoy scenery,4,0,0,"{'neg': 0.0, 'neu': 0.563, 'pos': 0.437, 'compound': 0.8519}",0.0,0.563,0.437,0.8519,0.437,0.0,0.563
66,LocalLaura: Glad the park has a map and information boards. Helps newcomers navigate and enjoy the space better.,glad park map information board help newcomer navigate enjoy space better,1,2,2,"{'neg': 0.0, 'neu': 0.526, 'pos': 0.474, 'compound': 0.8934}",0.0,0.526,0.474,0.8934,0.474,0.0,0.526
67,PlaygroundPaul: The new swings and slides are safe and fun. My kids haven‚Äôt stopped playing since it opened.,new swing slide safe fun kid havent stopped playing since opened,3,1,1,"{'neg': 0.079, 'neu': 0.586, 'pos': 0.335, 'compound': 0.7269}",0.079,0.586,0.335,0.7269,0.335,0.079,0.586
68,CommunityKid50: The new park has become the center of our neighborhood activities. Great job to the city planners!,new park become center neighborhood activity great job city planner,0,0,0,"{'neg': 0.0, 'neu': 0.795, 'pos': 0.205, 'compound': 0.6588}",0.0,0.795,0.205,0.6588,0.205,0.0,0.795
69,FoodieFrank: The food trucks during events are a great addition. Variety and delicious options available.,food truck event great addition variety delicious option available,4,3,3,"{'neg': 0.0, 'neu': 0.606, 'pos': 0.394, 'compound': 0.8316}",0.0,0.606,0.394,0.8316,0.394,0.0,0.606
70,TechGuruTina: It would be great if the park had charging stations for our devices. Keeps us connected while enjoying nature.,would great park charging station device keep u connected enjoying nature,1,1,1,"{'neg': 0.0, 'neu': 0.706, 'pos': 0.294, 'compound': 0.8176}",0.0,0.706,0.294,0.8176,0.294,0.0,0.706
71,MusicMike: The sound quality at the amphitheater could be better. Sometimes the music is too loud and distorts.,sound quality amphitheater could better sometimes music loud distorts,1,2,2,"{'neg': 0.113, 'neu': 0.751, 'pos': 0.136, 'compound': 0.128}",0.113,0.751,0.136,0.128,0.136,0.113,0.751
72,HistoryHelen: Loved the historical plaques around the park. It's a nice touch to educate visitors about the area.,loved historical plaque around park nice touch educate visitor area,0,0,0,"{'neg': 0.0, 'neu': 0.691, 'pos': 0.309, 'compound': 0.7717}",0.0,0.691,0.309,0.7717,0.309,0.0,0.691
73,SportySteve: Wish there were more sports facilities like tennis courts. The current options are limited.,wish sport facility like tennis court current option limited,4,2,2,"{'neg': 0.098, 'neu': 0.62, 'pos': 0.282, 'compound': 0.552}",0.098,0.62,0.282,0.552,0.282,0.098,0.62
74,BookwormBetty: The little library kiosk is a fantastic idea! Encourages reading and sharing books among visitors.,little library kiosk fantastic idea encourages reading sharing book among visitor,1,3,3,"{'neg': 0.0, 'neu': 0.556, 'pos': 0.444, 'compound': 0.8622}",0.0,0.556,0.444,0.8622,0.444,0.0,0.556
75,"PetFriendlyPam: Appreciate the pet-friendly policies, but there should be more waste stations for pet owners.",appreciate petfriendly policy waste station pet owner,2,1,1,"{'neg': 0.218, 'neu': 0.685, 'pos': 0.097, 'compound': -0.5089}",0.218,0.685,0.097,-0.5089,0.097,0.218,0.685
76,EarlyBirdEli: The sunrise views from the park are breathtaking. Perfect way to start the day.,sunrise view park breathtaking perfect way start day,3,3,3,"{'neg': 0.0, 'neu': 0.66, 'pos': 0.34, 'compound': 0.7717}",0.0,0.66,0.34,0.7717,0.34,0.0,0.66
77,"NightStrollNina: Evening walks are lovely, but some areas feel unsafe. More lighting needed throughout the park.",evening walk lovely area feel unsafe lighting needed throughout park,4,0,0,"{'neg': 0.0, 'neu': 0.862, 'pos': 0.138, 'compound': 0.34}",0.0,0.862,0.138,0.34,0.138,0.0,0.862
78,ArtisticAmy: Love the rotating art exhibits. Keeps the park fresh and interesting every month.,love rotating art exhibit keep park fresh interesting every month,4,0,0,"{'neg': 0.0, 'neu': 0.545, 'pos': 0.455, 'compound': 0.8481}",0.0,0.545,0.455,0.8481,0.455,0.0,0.545
79,CommunityChef: The outdoor cooking classes are a hit! Great way to learn new recipes and meet people.,outdoor cooking class hit great way learn new recipe meet people,4,3,3,"{'neg': 0.0, 'neu': 0.774, 'pos': 0.226, 'compound': 0.6588}",0.0,0.774,0.226,0.6588,0.226,0.0,0.774
80,FitFamFred: The park's fitness trails are excellent for family workouts. Encourages healthy living together.,park fitness trail excellent family workout encourages healthy living together,1,3,3,"{'neg': 0.0, 'neu': 0.467, 'pos': 0.533, 'compound': 0.886}",0.0,0.467,0.533,0.886,0.533,0.0,0.467
81,"UrbanExplorer: There are some hidden gems in the park, like the small waterfall. Makes exploring fun.",hidden gem park like small waterfall make exploring fun,3,0,0,"{'neg': 0.0, 'neu': 0.707, 'pos': 0.293, 'compound': 0.7003}",0.0,0.707,0.293,0.7003,0.293,0.0,0.707
82,GreenEnergyGary: Solar-powered lights are a great eco-friendly feature. Shows the city's commitment to sustainability.,solarpowered light great ecofriendly feature show city commitment sustainability,3,2,2,"{'neg': 0.0, 'neu': 0.621, 'pos': 0.379, 'compound': 0.7717}",0.0,0.621,0.379,0.7717,0.379,0.0,0.621
83,TechSavvySasha: Would love to see an app for the park with event schedules and trail maps.,would love see app park event schedule trail map,1,0,0,"{'neg': 0.0, 'neu': 0.781, 'pos': 0.219, 'compound': 0.6369}",0.0,0.781,0.219,0.6369,0.219,0.0,0.781
84,PeacefulPenny: The meditation zones are serene and help me unwind after a long day.,meditation zone serene help unwind long day,0,3,3,"{'neg': 0.0, 'neu': 0.659, 'pos': 0.341, 'compound': 0.6908}",0.0,0.659,0.341,0.6908,0.341,0.0,0.659
85,LocalLarry: The partnership with local schools for educational tours is commendable. Engages the youth effectively.,partnership local school educational tour commendable engages youth effectively,2,3,3,"{'neg': 0.0, 'neu': 0.726, 'pos': 0.274, 'compound': 0.5994}",0.0,0.726,0.274,0.5994,0.274,0.0,0.726
86,ArtisticAva: The interactive art installations are a great way to engage visitors of all ages.,interactive art installation great way engage visitor age,4,3,3,"{'neg': 0.0, 'neu': 0.649, 'pos': 0.351, 'compound': 0.7579}",0.0,0.649,0.351,0.7579,0.351,0.0,0.649
87,"BusyMomMia: While the park is great, having more childcare facilities nearby would be helpful for busy parents.",park great childcare facility nearby would helpful busy parent,0,2,2,"{'neg': 0.0, 'neu': 0.685, 'pos': 0.315, 'compound': 0.7845}",0.0,0.685,0.315,0.7845,0.315,0.0,0.685
88,AdventureAlex: The zip line is thrilling! Adds an adventurous element to the park's attractions.,zip line thrilling add adventurous element park attraction,2,0,0,"{'neg': 0.0, 'neu': 0.561, 'pos': 0.439, 'compound': 0.8221}",0.0,0.561,0.439,0.8221,0.439,0.0,0.561
89,RelaxedRita: Enjoying the hammock areas. Perfect for a lazy afternoon nap under the trees.,enjoying hammock area perfect lazy afternoon nap tree,3,2,2,"{'neg': 0.128, 'neu': 0.51, 'pos': 0.362, 'compound': 0.6808}",0.128,0.51,0.362,0.6808,0.362,0.128,0.51
90,CommunityCarla: The volunteer programs for park maintenance foster a sense of community pride.,volunteer program park maintenance foster sense community pride,2,1,1,"{'neg': 0.0, 'neu': 0.821, 'pos': 0.179, 'compound': 0.34}",0.0,0.821,0.179,0.34,0.179,0.0,0.821
91,TechieTom2: Still waiting for free Wi-Fi options. It's a must-have for modern park-goers.,still waiting free wifi option musthave modern parkgoers,0,3,3,"{'neg': 0.0, 'neu': 0.769, 'pos': 0.231, 'compound': 0.5106}",0.0,0.769,0.231,0.5106,0.231,0.0,0.769
92,HealthNutHank: The fresh produce from the community garden is fantastic. Encourages healthy eating.,fresh produce community garden fantastic encourages healthy eating,2,3,3,"{'neg': 0.0, 'neu': 0.439, 'pos': 0.561, 'compound': 0.8885}",0.0,0.439,0.561,0.8885,0.561,0.0,0.439
93,SportsSamantha: Wish there were more organized sports leagues using the park's facilities.,wish organized sport league using park facility,1,1,1,"{'neg': 0.0, 'neu': 0.803, 'pos': 0.197, 'compound': 0.4019}",0.0,0.803,0.197,0.4019,0.197,0.0,0.803
94,GreenThumbGary: The plant workshops are educational and help improve our gardening skills.,plant workshop educational help improve gardening skill,4,1,1,"{'neg': 0.0, 'neu': 0.641, 'pos': 0.359, 'compound': 0.6808}",0.0,0.641,0.359,0.6808,0.359,0.0,0.641
95,MusicMaya: Sometimes the background music in the park is too repetitive. Variety would be nice.,sometimes background music park repetitive variety would nice,0,0,0,"{'neg': 0.112, 'neu': 0.73, 'pos': 0.157, 'compound': 0.2023}",0.112,0.73,0.157,0.2023,0.15715715715715717,0.11211211211211211,0.7307307307307307
96,EventEddie: The annual park festival is always a highlight. Brings everyone together in a fun way.,annual park festival always highlight brings everyone together fun way,4,0,0,"{'neg': 0.0, 'neu': 0.553, 'pos': 0.447, 'compound': 0.836}",0.0,0.553,0.447,0.836,0.447,0.0,0.553
97,CreativeChris: The graffiti wall is awesome! A great outlet for local artists to showcase their work.,graffiti wall awesome great outlet local artist showcase work,3,3,3,"{'neg': 0.0, 'neu': 0.605, 'pos': 0.395, 'compound': 0.8588}",0.0,0.605,0.395,0.8588,0.395,0.0,0.605
98,HappyHelen: The fountain area is so relaxing. Kids love playing around it while parents can relax nearby.,fountain area relaxing kid love playing around parent relax nearby,4,2,2,"{'neg': 0.0, 'neu': 0.495, 'pos': 0.505, 'compound': 0.9229}",0.0,0.495,0.505,0.9229,0.505,0.0,0.495
99,OutdoorOscar: The camping spots near the park are a great addition for weekend getaways.,camping spot near park great addition weekend getaway,3,3,3,"{'neg': 0.0, 'neu': 0.745, 'pos': 0.255, 'compound': 0.6249}",0.0,0.745,0.255,0.6249,0.255,0.0,0.745
100,YogiYara: The designated yoga zones are peaceful and well-maintained. Perfect for my daily practice.,designated yoga zone peaceful wellmaintained perfect daily practice,0,3,3,"{'neg': 0.0, 'neu': 0.635, 'pos': 0.365, 'compound': 0.7845}",0.0,0.635,0.365,0.7845,0.365,0.0,0.635
101,CyclingCory: More bike repair stations would be helpful for cyclists using the trails.,bike repair station would helpful cyclist using trail,1,1,1,"{'neg': 0.0, 'neu': 0.811, 'pos': 0.189, 'compound': 0.4215}",0.0,0.811,0.189,0.4215,0.189,0.0,0.811
102,FitnessFiona: The group fitness classes are well-organized and motivate me to stay active.,group fitness class wellorganized motivate stay active,2,3,3,"{'neg': 0.0, 'neu': 0.575, 'pos': 0.425, 'compound': 0.7506}",0.0,0.575,0.425,0.7506,0.425,0.0,0.575
103,PetPamela: More water stations for dogs would be appreciated. Keeps our pets hydrated during walks.,water station dog would appreciated keep pet hydrated walk,1,1,1,"{'neg': 0.0, 'neu': 0.809, 'pos': 0.191, 'compound': 0.5106}",0.0,0.809,0.191,0.5106,0.191,0.0,0.809
104,StudentSteve: The study areas with benches and tables are perfect for outdoor studying sessions.,study area bench table perfect outdoor studying session,2,2,2,"{'neg': 0.0, 'neu': 0.778, 'pos': 0.222, 'compound': 0.5719}",0.0,0.778,0.222,0.5719,0.222,0.0,0.778
105,FamilyFaith: The park's inclusive playground ensures all children can play together safely.,park inclusive playground ensures child play together safely,2,3,3,"{'neg': 0.0, 'neu': 0.641, 'pos': 0.359, 'compound': 0.6808}",0.0,0.641,0.359,0.6808,0.359,0.0,0.641
106,NatureNate: The butterfly garden is a beautiful addition. Great for nature enthusiasts.,butterfly garden beautiful addition great nature enthusiast,1,3,3,"{'neg': 0.0, 'neu': 0.435, 'pos': 0.565, 'compound': 0.886}",0.0,0.435,0.565,0.886,0.565,0.0,0.435
107,RunnerRachel: The designated running paths are smooth and well-marked. Makes training easier.,designated running path smooth wellmarked make training easier,0,1,1,"{'neg': 0.0, 'neu': 0.797, 'pos': 0.203, 'compound': 0.4215}",0.0,0.797,0.203,0.4215,0.203,0.0,0.797
108,ArtAlly: The art workshops offered in the park inspire creativity among participants.,art workshop offered park inspire creativity among participant,4,0,0,"{'neg': 0.0, 'neu': 0.613, 'pos': 0.387, 'compound': 0.743}",0.0,0.613,0.387,0.743,0.387,0.0,0.613
109,TechieTara: Integrating augmented reality features in the park could enhance visitor experiences.,integrating augmented reality feature park could enhance visitor experience,1,0,0,"{'neg': 0.0, 'neu': 1.0, 'pos': 0.0, 'compound': 0.0}",0.0,1.0,0.0,0.0,0.0,0.0,1.0
110,PeacefulPete: The quiet zones are perfect for reading and reflecting without distractions.,quiet zone perfect reading reflecting without distraction,3,3,3,"{'neg': 0.0, 'neu': 0.648, 'pos': 0.352, 'compound': 0.6641}",0.0,0.648,0.352,0.6641,0.352,0.0,0.648
111,CommunityCindy: The park's outreach programs help engage underrepresented communities effectively.,park outreach program help engage underrepresented community effectively,2,1,1,"{'neg': 0.0, 'neu': 0.373, 'pos': 0.627, 'compound': 0.8442}",0.0,0.373,0.627,0.8442,0.627,0.0,0.373
112,MusicMax: More diverse music genres at events would attract a broader audience.,diverse music genre event would attract broader audience,2,3,3,"{'neg': 0.0, 'neu': 0.8, 'pos': 0.2, 'compound': 0.3612}",0.0,0.8,0.2,0.3612,0.2,0.0,0.8
113,SportsSam: The new soccer fields are well-maintained and great for local teams.,new soccer field wellmaintained great local team,0,3,3,"{'neg': 0.0, 'neu': 0.728, 'pos': 0.272, 'compound': 0.6249}",0.0,0.728,0.272,0.6249,0.272,0.0,0.728
114,GreenGina: The composting bins are a fantastic eco-friendly initiative. Reduces waste effectively.,composting bin fantastic ecofriendly initiative reduces waste effectively,4,1,1,"{'neg': 0.162, 'neu': 0.462, 'pos': 0.376, 'compound': 0.5719}",0.162,0.462,0.376,0.5719,0.376,0.162,0.462
115,FamilyFelicia: The stroller-friendly paths make it easy to navigate the park with little ones.,strollerfriendly path make easy navigate park little one,1,0,0,"{'neg': 0.0, 'neu': 0.818, 'pos': 0.182, 'compound': 0.4404}",0.0,0.818,0.182,0.4404,0.182,0.0,0.818
116,AdventureAmy: The obstacle courses add an exciting challenge for kids and adults alike.,obstacle course add exciting challenge kid adult alike,0,2,2,"{'neg': 0.147, 'neu': 0.588, 'pos': 0.265, 'compound': 0.25}",0.147,0.588,0.265,0.25,0.265,0.147,0.588
117,TechTom: Looking forward to interactive digital maps being available for easier navigation.,looking forward interactive digital map available easier navigation,1,1,1,"{'neg': 0.0, 'neu': 0.797, 'pos': 0.203, 'compound': 0.4215}",0.0,0.797,0.203,0.4215,0.203,0.0,0.797
118,HistoryHank: The historical markers provide insightful information about the park's background.,historical marker provide insightful information park background,1,0,0,"{'neg': 0.0, 'neu': 1.0, 'pos': 0.0, 'compound': 0.0}",0.0,1.0,0.0,0.0,0.0,0.0,1.0
119,YogaYasmine: The sunset yoga sessions are magical. Highly recommended for relaxation.,sunset yoga session magical highly recommended relaxation,2,3,3,"{'neg': 0.0, 'neu': 0.61, 'pos': 0.39, 'compound': 0.6962}",0.0,0.61,0.39,0.6962,0.39,0.0,0.61
120,CommunityCarl: The neighborhood potlucks organized in the park foster strong community bonds.,neighborhood potluck organized park foster strong community bond,1,1,1,"{'neg': 0.0, 'neu': 0.769, 'pos': 0.231, 'compound': 0.5106}",0.0,0.769,0.231,0.5106,0.231,0.0,0.769
121,ArtisticArthur: The light installations during evenings create a mesmerizing atmosphere.,light installation evening create mesmerizing atmosphere,3,0,0,"{'neg': 0.0, 'neu': 0.792, 'pos': 0.208, 'compound': 0.2732}",0.0,0.792,0.208,0.2732,0.208,0.0,0.792
122,PetPeter: More shaded areas for dogs would make our visits even more enjoyable.,shaded area dog would make visit even enjoyable,2,2,2,"{'neg': 0.0, 'neu': 0.79, 'pos': 0.21, 'compound': 0.4927}",0.0,0.79,0.21,0.4927,0.21,0.0,0.79
123,RelaxedRenee: The park's tranquility helps me escape the city's hustle and bustle.,park tranquility help escape city hustle bustle,0,0,0,"{'neg': 0.0, 'neu': 0.559, 'pos': 0.441, 'compound': 0.7269}",0.0,0.559,0.441,0.7269,0.441,0.0,0.559
124,FitnessFaith: The new jogging tracks are perfect for my daily runs. Smooth and scenic.,new jogging track perfect daily run smooth scenic,4,3,3,"{'neg': 0.0, 'neu': 0.778, 'pos': 0.222, 'compound': 0.5719}",0.0,0.778,0.222,0.5719,0.222,0.0,0.778
125,MusicMolly: The local bands performing in the park add great entertainment value.,local band performing park add great entertainment value,3,3,3,"{'neg': 0.0, 'neu': 0.492, 'pos': 0.508, 'compound': 0.8519}",0.0,0.492,0.508,0.8519,0.508,0.0,0.492
126,FoodieFiona: The healthy snack stands in the park are a nice touch for health-conscious visitors.,healthy snack stand park nice touch healthconscious visitor,3,0,0,"{'neg': 0.0, 'neu': 0.686, 'pos': 0.314, 'compound': 0.6705}",0.0,0.686,0.314,0.6705,0.314,0.0,0.686
127,TechieTina2: Integrating smart benches with charging ports would enhance the park's functionality.,integrating smart bench charging port would enhance park functionality,0,0,0,"{'neg': 0.0, 'neu': 0.803, 'pos': 0.197, 'compound': 0.4019}",0.0,0.803,0.197,0.4019,0.197,0.0,0.803
128,NatureNora: The eco-tours offered in the park educate visitors about local flora and fauna.,ecotours offered park educate visitor local flora fauna,3,3,3,"{'neg': 0.0, 'neu': 1.0, 'pos': 0.0, 'compound': 0.0}",0.0,1.0,0.0,0.0,0.0,0.0,1.0
129,SportsSeth: The new tennis courts are in excellent condition. Great for players of all levels.,new tennis court excellent condition great player level,0,3,3,"{'neg': 0.0, 'neu': 0.625, 'pos': 0.375, 'compound': 0.8316}",0.0,0.625,0.375,0.8316,0.375,0.0,0.625
130,GreenGrace: The rain gardens help manage stormwater effectively. Impressive eco-friendly design.,rain garden help manage stormwater effectively impressive ecofriendly design,1,3,3,"{'neg': 0.0, 'neu': 0.473, 'pos': 0.527, 'compound': 0.836}",0.0,0.473,0.527,0.836,0.527,0.0,0.473
131,FamilyFrank: The toddler play area is safe and engaging. My little one loves it!,toddler play area safe engaging little one love,1,2,2,"{'neg': 0.0, 'neu': 0.467, 'pos': 0.533, 'compound': 0.8863}",0.0,0.467,0.533,0.8863,0.533,0.0,0.467
132,AdventureAnna: The rock climbing wall adds an adventurous element to the park's activities.,rock climbing wall add adventurous element park activity,2,0,0,"{'neg': 0.0, 'neu': 0.833, 'pos': 0.167, 'compound': 0.34}",0.0,0.833,0.167,0.34,0.167,0.0,0.833
133,PeacefulPaula: The meditation gardens provide a peaceful retreat for relaxation and mindfulness.,meditation garden provide peaceful retreat relaxation mindfulness,0,3,3,"{'neg': 0.0, 'neu': 0.488, 'pos': 0.512, 'compound': 0.8126}",0.0,0.488,0.512,0.8126,0.512,0.0,0.488
134,CommunityConnor: The park's community board keeps everyone informed about upcoming events and activities.,park community board keep everyone informed upcoming event activity,1,1,1,"{'neg': 0.0, 'neu': 1.0, 'pos': 0.0, 'compound': 0.0}",0.0,1.0,0.0,0.0,0.0,0.0,1.0
135,ArtisticAiden: The live painting sessions are inspiring and engaging for all ages.,live painting session inspiring engaging age,2,3,3,"{'neg': 0.0, 'neu': 0.658, 'pos': 0.342, 'compound': 0.6369}",0.0,0.658,0.342,0.6369,0.342,0.0,0.658
136,TechieToby: The integration of smart lighting enhances safety and ambiance in the evenings.,integration smart lighting enhances safety ambiance evening,3,0,0,"{'neg': 0.0, 'neu': 0.667, 'pos': 0.333, 'compound': 0.6705}",0.0,0.667,0.333,0.6705,0.333,0.0,0.667
137,"MusicMandy: The acoustic sessions under the trees create a lovely, intimate setting.",acoustic session tree create lovely intimate setting,2,2,2,"{'neg': 0.0, 'neu': 0.604, 'pos': 0.396, 'compound': 0.7096}",0.0,0.604,0.396,0.7096,0.396,0.0,0.604
138,FitnessFelix: The park's fitness boot camps are challenging and effective. Great for staying in shape.,park fitness boot camp challenging effective great staying shape,2,0,0,"{'neg': 0.0, 'neu': 0.502, 'pos': 0.498, 'compound': 0.872}",0.0,0.502,0.498,0.872,0.498,0.0,0.502
139,PetPaisley: The pet grooming stations would be a useful addition for pet owners.,pet grooming station would useful addition pet owner,2,1,1,"{'neg': 0.0, 'neu': 0.791, 'pos': 0.209, 'compound': 0.4404}",0.0,0.791,0.209,0.4404,0.209,0.0,0.791
140,RelaxedRebecca: The hammock zones are perfect for unwinding with a good book.,hammock zone perfect unwinding good book,3,3,3,"{'neg': 0.0, 'neu': 0.577, 'pos': 0.423, 'compound': 0.765}",0.0,0.577,0.423,0.765,0.423,0.0,0.577
141,FoodieFred: The diverse food options available during events cater to all tastes and preferences.,diverse food option available event cater taste preference,4,2,2,"{'neg': 0.0, 'neu': 1.0, 'pos': 0.0, 'compound': 0.0}",0.0,1.0,0.0,0.0,0.0,0.0,1.0
142,TechieTracy: The idea of a park app with real-time event updates is fantastic. Looking forward to it!,idea park app realtime event update fantastic looking forward,1,1,1,"{'neg': 0.0, 'neu': 0.794, 'pos': 0.206, 'compound': 0.5983}",0.0,0.794,0.206,0.5983,0.206,0.0,0.794
143,NatureNancy: The bird-watching tours are delightful. Saw so many different species!,birdwatching tour delightful saw many different specie,1,3,3,"{'neg': 0.0, 'neu': 0.71, 'pos': 0.29, 'compound': 0.6239}",0.0,0.71,0.29,0.6239,0.29,0.0,0.71
144,"SportsSophie: The multi-use courts accommodate various sports, making them versatile for all users.",multiuse court accommodate various sport making versatile user,2,2,2,"{'neg': 0.0, 'neu': 1.0, 'pos': 0.0, 'compound': 0.0}",0.0,1.0,0.0,0.0,0.0,0.0,1.0
145,GreenGloria: The solar-powered fountains are not only beautiful but also environmentally friendly.,solarpowered fountain beautiful also environmentally friendly,3,2,2,"{'neg': 0.127, 'neu': 0.611, 'pos': 0.263, 'compound': 0.4985}",0.127,0.611,0.263,0.4985,0.2627372627372628,0.12687312687312688,0.6103896103896105
146,FamilyFelix: The interactive playground features keep my kids entertained and engaged for hours.,interactive playground feature keep kid entertained engaged hour,1,1,1,"{'neg': 0.0, 'neu': 0.671, 'pos': 0.329, 'compound': 0.6597}",0.0,0.671,0.329,0.6597,0.329,0.0,0.671
147,AdventureAlyssa: The zip lining through the park is exhilarating. Adds a fun twist to outdoor activities.,zip lining park exhilarating add fun twist outdoor activity,1,0,0,"{'neg': 0.0, 'neu': 0.684, 'pos': 0.316, 'compound': 0.7184}",0.0,0.684,0.316,0.7184,0.316,0.0,0.684
148,PeacefulPat: The secluded benches by the pond are perfect for quiet contemplation.,secluded bench pond perfect quiet contemplation,3,3,3,"{'neg': 0.0, 'neu': 0.748, 'pos': 0.252, 'compound': 0.5719}",0.0,0.748,0.252,0.5719,0.252,0.0,0.748
149,CommunityCameron: The volunteer clean-up days help maintain the park's beauty and foster community spirit.,volunteer cleanup day help maintain park beauty foster community spirit,0,1,1,"{'neg': 0.0, 'neu': 0.573, 'pos': 0.427, 'compound': 0.802}",0.0,0.573,0.427,0.802,0.427,0.0,0.573
150,ArtisticAshley: The seasonal art fairs showcase incredible talent and bring vibrancy to the park.,seasonal art fair showcase incredible talent bring vibrancy park,0,0,0,"{'neg': 0.0, 'neu': 0.823, 'pos': 0.177, 'compound': 0.4215}",0.0,0.823,0.177,0.4215,0.177,0.0,0.823
151,EcoWarrior: The new park's composting program is fantastic. It's great to see the community getting involved in sustainability.,new park composting program fantastic great see community getting involved sustainability,4,1,1,"{'neg': 0.0, 'neu': 0.675, 'pos': 0.325, 'compound': 0.8271}",0.0,0.675,0.325,0.8271,0.325,0.0,0.675
152,FitnessFan: Love the new jogging trails! They‚Äôre well-marked and offer a great view of the skyline.,love new jogging trail theyre wellmarked offer great view skyline,0,3,3,"{'neg': 0.0, 'neu': 0.602, 'pos': 0.398, 'compound': 0.8622}",0.0,0.602,0.398,0.8622,0.398,0.0,0.602
153,"CityDweller: The park is nice, but I wish there were more benches for people to sit and relax.",park nice wish bench people sit relax,4,0,0,"{'neg': 0.0, 'neu': 0.601, 'pos': 0.399, 'compound': 0.8519}",0.0,0.601,0.399,0.8519,0.399,0.0,0.601
154,NatureLover: The bird-watching areas are well-maintained. Saw a rare species today!,birdwatching area wellmaintained saw rare specie today,1,3,3,"{'neg': 0.0, 'neu': 1.0, 'pos': 0.0, 'compound': 0.0}",0.0,1.0,0.0,0.0,0.0,0.0,1.0
155,TechieTom: It would be awesome if the park had free charging stations for our gadgets.,would awesome park free charging station gadget,2,0,0,"{'neg': 0.0, 'neu': 0.637, 'pos': 0.363, 'compound': 0.8126}",0.0,0.637,0.363,0.8126,0.363,0.0,0.637
156,FamilyFirst: The playground has everything my kids need. Safe and fun!,playground everything kid need safe fun,4,1,1,"{'neg': 0.0, 'neu': 0.581, 'pos': 0.419, 'compound': 0.7574}",0.0,0.581,0.419,0.7574,0.419,0.0,0.581
157,"UrbanPlanner: The layout is efficient, but adding more green spaces within the park would enhance its appeal.",layout efficient adding green space within park would enhance appeal,2,0,0,"{'neg': 0.0, 'neu': 0.894, 'pos': 0.106, 'compound': 0.2263}",0.0,0.894,0.106,0.2263,0.106,0.0,0.894
158,HappyHiker: Took a lovely hike around the park‚Äôs perimeter. The trails are in excellent condition.,took lovely hike around park perimeter trail excellent condition,1,2,2,"{'neg': 0.0, 'neu': 0.615, 'pos': 0.385, 'compound': 0.8176}",0.0,0.615,0.385,0.8176,0.385,0.0,0.615
159,ArtLover: The new mural adds so much color and life to the park. Brilliant work by local artists.,new mural add much color life park brilliant work local artist,1,3,3,"{'neg': 0.0, 'neu': 0.817, 'pos': 0.183, 'compound': 0.5859}",0.0,0.817,0.183,0.5859,0.183,0.0,0.817
160,PetOwner: Great to see a water fountain for dogs. Makes our walks much easier.,great see water fountain dog make walk much easier,2,1,1,"{'neg': 0.0, 'neu': 0.615, 'pos': 0.385, 'compound': 0.7845}",0.0,0.615,0.385,0.7845,0.385,0.0,0.615
161,SeniorSam: The shaded areas are perfect for seniors to enjoy the outdoors without too much sun.,shaded area perfect senior enjoy outdoors without much sun,2,2,2,"{'neg': 0.0, 'neu': 0.67, 'pos': 0.33, 'compound': 0.7845}",0.0,0.67,0.33,0.7845,0.33,0.0,0.67
162,GreenThumb: The community garden is thriving! It's wonderful to see so many people growing their own vegetables.,community garden thriving wonderful see many people growing vegetable,2,3,3,"{'neg': 0.0, 'neu': 0.716, 'pos': 0.284, 'compound': 0.7145}",0.0,0.716,0.284,0.7145,0.284,0.0,0.716
163,"MusicMike: The live music events are fantastic, but sometimes they go on too late into the night.",live music event fantastic sometimes go late night,2,1,1,"{'neg': 0.0, 'neu': 0.874, 'pos': 0.126, 'compound': 0.3182}",0.0,0.874,0.126,0.3182,0.126,0.0,0.874
164,FoodieFrank: The new food stalls offer a great variety of delicious options during park events.,new food stall offer great variety delicious option park event,0,3,3,"{'neg': 0.0, 'neu': 0.606, 'pos': 0.394, 'compound': 0.8316}",0.0,0.606,0.394,0.8316,0.394,0.0,0.606
165,"RunnerRick: The running paths are smooth and well-lit, making evening runs enjoyable.",running path smooth welllit making evening run enjoyable,0,2,2,"{'neg': 0.0, 'neu': 0.791, 'pos': 0.209, 'compound': 0.4404}",0.0,0.791,0.209,0.4404,0.209,0.0,0.791
166,CyclistMike: Appreciated the addition of bike lanes. It makes cycling in the park much safer.,appreciated addition bike lane make cycling park much safer,4,0,0,"{'neg': 0.0, 'neu': 0.681, 'pos': 0.319, 'compound': 0.7269}",0.0,0.681,0.319,0.7269,0.319,0.0,0.681
167,YogaYvonne: The yoga sessions by the lake are so peaceful. A perfect way to start the day.,yoga session lake peaceful perfect way start day,3,3,3,"{'neg': 0.0, 'neu': 0.634, 'pos': 0.366, 'compound': 0.844}",0.0,0.634,0.366,0.844,0.366,0.0,0.634
168,BookwormBetty: The little library corner is a charming addition. Borrowing books has never been easier!,little library corner charming addition borrowing book never easier,1,3,3,"{'neg': 0.127, 'neu': 0.651, 'pos': 0.222, 'compound': 0.4137}",0.127,0.651,0.222,0.4137,0.222,0.127,0.651
169,CreativeChris: The open-air art studios are inspiring. Love seeing artists at work.,openair art studio inspiring love seeing artist work,1,3,3,"{'neg': 0.0, 'neu': 0.588, 'pos': 0.412, 'compound': 0.7906}",0.0,0.588,0.412,0.7906,0.412,0.0,0.588
170,AdventureAlex: The zip line is thrilling! Adds an exciting element to the park's attractions.,zip line thrilling add exciting element park attraction,4,0,0,"{'neg': 0.0, 'neu': 0.539, 'pos': 0.461, 'compound': 0.8553}",0.0,0.539,0.461,0.8553,0.461,0.0,0.539
171,PeacefulPenny: The meditation garden is my favorite spot to unwind and reflect.,meditation garden favorite spot unwind reflect,0,3,3,"{'neg': 0.0, 'neu': 0.786, 'pos': 0.214, 'compound': 0.4588}",0.0,0.786,0.214,0.4588,0.214,0.0,0.786
172,SportsSamantha: The new soccer fields are in great condition. Perfect for local leagues.,new soccer field great condition perfect local league,0,3,3,"{'neg': 0.0, 'neu': 0.585, 'pos': 0.415, 'compound': 0.8316}",0.0,0.585,0.415,0.8316,0.415,0.0,0.585
173,TechGuruTina: Integrating an app with park maps and event schedules would enhance visitor experience.,integrating app park map event schedule would enhance visitor experience,1,0,0,"{'neg': 0.0, 'neu': 1.0, 'pos': 0.0, 'compound': 0.0}",0.0,1.0,0.0,0.0,0.0,0.0,1.0
174,RelaxedRita: Enjoying the hammock areas on lazy afternoons. So relaxing!,enjoying hammock area lazy afternoon relaxing,3,2,2,"{'neg': 0.15, 'neu': 0.42, 'pos': 0.431, 'compound': 0.6893}",0.15,0.42,0.431,0.6893,0.4305694305694306,0.14985014985014986,0.4195804195804196
175,CommunityCindy: The volunteer opportunities at the park help build a strong community spirit.,volunteer opportunity park help build strong community spirit,1,1,1,"{'neg': 0.0, 'neu': 0.437, 'pos': 0.563, 'compound': 0.8519}",0.0,0.437,0.563,0.8519,0.563,0.0,0.437
176,HistoryHelen: The historical markers provide great insights into the park's development over the years.,historical marker provide great insight park development year,1,0,0,"{'neg': 0.0, 'neu': 0.76, 'pos': 0.24, 'compound': 0.6249}",0.0,0.76,0.24,0.6249,0.24,0.0,0.76
177,SilentObserver: Sometimes the park is too crowded for my liking. I prefer quieter spaces.,sometimes park crowded liking prefer quieter space,1,0,0,"{'neg': 0.0, 'neu': 0.816, 'pos': 0.184, 'compound': 0.4019}",0.0,0.816,0.184,0.4019,0.184,0.0,0.816
178,"BudgetWatcher: The park is nice, but I‚Äôm concerned about the maintenance costs long-term.",park nice im concerned maintenance cost longterm,0,0,0,"{'neg': 0.0, 'neu': 0.863, 'pos': 0.137, 'compound': 0.2263}",0.0,0.863,0.137,0.2263,0.137,0.0,0.863
179,"NightOwl: Evening walks are lovely, but more lighting would make me feel safer.",evening walk lovely lighting would make feel safer,4,0,0,"{'neg': 0.0, 'neu': 0.643, 'pos': 0.357, 'compound': 0.7269}",0.0,0.643,0.357,0.7269,0.357,0.0,0.643
180,PlaygroundPaul: The new slides and swings are fantastic. My kids are thrilled!,new slide swing fantastic kid thrilled,1,1,1,"{'neg': 0.0, 'neu': 0.596, 'pos': 0.404, 'compound': 0.7777}",0.0,0.596,0.404,0.7777,0.404,0.0,0.596
181,PicassoPatti: The outdoor sculpture garden is a wonderful touch. Adds cultural value to the park.,outdoor sculpture garden wonderful touch add cultural value park,3,0,0,"{'neg': 0.0, 'neu': 0.663, 'pos': 0.337, 'compound': 0.7269}",0.0,0.663,0.337,0.7269,0.337,0.0,0.663
182,RunnerRick2: The designated running tracks help keep my workouts organized and efficient.,designated running track help keep workout organized efficient,1,2,2,"{'neg': 0.0, 'neu': 0.645, 'pos': 0.355, 'compound': 0.6705}",0.0,0.645,0.355,0.6705,0.355,0.0,0.645
183,FamilyGuy45: The family-friendly events keep everyone entertained. Great for weekends!,familyfriendly event keep everyone entertained great weekend,1,3,3,"{'neg': 0.0, 'neu': 0.53, 'pos': 0.47, 'compound': 0.7959}",0.0,0.53,0.47,0.7959,0.47,0.0,0.53
184,DigitalNomad: It would be great to have Wi-Fi zones for those of us who work remotely.,would great wifi zone u work remotely,0,3,3,"{'neg': 0.0, 'neu': 0.785, 'pos': 0.215, 'compound': 0.6249}",0.0,0.785,0.215,0.6249,0.215,0.0,0.785
185,SeniorSam2: The benches are comfortable and strategically placed for maximum enjoyment.,bench comfortable strategically placed maximum enjoyment,0,2,2,"{'neg': 0.0, 'neu': 0.566, 'pos': 0.434, 'compound': 0.7845}",0.0,0.566,0.434,0.7845,0.434,0.0,0.566
186,LocalLaura2: The information boards are helpful for navigating and learning more about the park.,information board helpful navigating learning park,3,0,0,"{'neg': 0.0, 'neu': 0.823, 'pos': 0.177, 'compound': 0.4215}",0.0,0.823,0.177,0.4215,0.177,0.0,0.823
187,PlaygroundPaul2: The interactive play areas keep my kids engaged and active.,interactive play area keep kid engaged active,2,2,2,"{'neg': 0.0, 'neu': 0.506, 'pos': 0.494, 'compound': 0.7783}",0.0,0.506,0.494,0.7783,0.494,0.0,0.506
188,CommunityKid50: The park has become the heart of our neighborhood. Everyone loves it!,park become heart neighborhood everyone love,0,0,0,"{'neg': 0.0, 'neu': 0.75, 'pos': 0.25, 'compound': 0.6114}",0.0,0.75,0.25,0.6114,0.25,0.0,0.75
189,FoodieFrank2: The variety of food trucks is impressive. Something for every palate!,variety food truck impressive something every palate,0,2,2,"{'neg': 0.0, 'neu': 0.754, 'pos': 0.246, 'compound': 0.5562}",0.0,0.754,0.246,0.5562,0.246,0.0,0.754
190,TechGuruTina2: Adding solar-powered charging stations would make the park more eco-friendly.,adding solarpowered charging station would make park ecofriendly,3,0,0,"{'neg': 0.0, 'neu': 1.0, 'pos': 0.0, 'compound': 0.0}",0.0,1.0,0.0,0.0,0.0,0.0,1.0
191,"MusicMike2: Love the acoustics at the amphitheater, but sometimes the crowd noise is overwhelming.",love acoustic amphitheater sometimes crowd noise overwhelming,1,0,0,"{'neg': 0.0, 'neu': 0.833, 'pos': 0.167, 'compound': 0.3818}",0.0,0.833,0.167,0.3818,0.167,0.0,0.833
192,HistoryHelen2: The historical exhibits are informative and add depth to the park experience.,historical exhibit informative add depth park experience,1,0,0,"{'neg': 0.0, 'neu': 1.0, 'pos': 0.0, 'compound': 0.0}",0.0,1.0,0.0,0.0,0.0,0.0,1.0
193,SportySteve2: More sports facilities like tennis courts would be a great addition.,sport facility like tennis court would great addition,3,2,2,"{'neg': 0.0, 'neu': 0.567, 'pos': 0.433, 'compound': 0.7823}",0.0,0.567,0.433,0.7823,0.433,0.0,0.567
194,BookwormBetty2: The book exchange program is fantastic. Encourages reading and community sharing.,book exchange program fantastic encourages reading community sharing,2,1,1,"{'neg': 0.0, 'neu': 0.492, 'pos': 0.508, 'compound': 0.8519}",0.0,0.492,0.508,0.8519,0.508,0.0,0.492
195,PetFriendlyPam2: More pet waste stations would make the park even more pet-friendly.,pet waste station would make park even petfriendly,0,1,1,"{'neg': 0.219, 'neu': 0.781, 'pos': 0.0, 'compound': -0.4728}",0.219,0.781,0.0,-0.4728,0.0,0.219,0.781
196,EarlyBirdEli2: The sunrise views are breathtaking. Perfect way to start the day.,sunrise view breathtaking perfect way start day,3,3,3,"{'neg': 0.0, 'neu': 0.599, 'pos': 0.401, 'compound': 0.7717}",0.0,0.599,0.401,0.7717,0.401,0.0,0.599
197,"NightStrollNina2: Evening lighting has improved, but a few more lamps would enhance safety.",evening lighting improved lamp would enhance safety,4,0,0,"{'neg': 0.0, 'neu': 0.635, 'pos': 0.365, 'compound': 0.6956}",0.0,0.635,0.365,0.6956,0.365,0.0,0.635
198,ArtisticAmy2: The rotating art exhibits keep the park fresh and engaging.,rotating art exhibit keep park fresh engaging,4,0,0,"{'neg': 0.0, 'neu': 0.657, 'pos': 0.343, 'compound': 0.5719}",0.0,0.657,0.343,0.5719,0.343,0.0,0.657
199,CommunityChef2: Outdoor cooking classes are a hit! Great way to learn new recipes.,outdoor cooking class hit great way learn new recipe,4,3,3,"{'neg': 0.0, 'neu': 0.715, 'pos': 0.285, 'compound': 0.6588}",0.0,0.715,0.285,0.6588,0.285,0.0,0.715
200,FitFamFred2: The fitness trails are excellent for family workouts. Encourages healthy living together.,fitness trail excellent family workout encourages healthy living together,1,3,3,"{'neg': 0.0, 'neu': 0.441, 'pos': 0.559, 'compound': 0.886}",0.0,0.441,0.559,0.886,0.559,0.0,0.441
201,UrbanExplorer2: Discovered a hidden pond today. Such a peaceful spot!,discovered hidden pond today peaceful spot,3,3,3,"{'neg': 0.0, 'neu': 0.667, 'pos': 0.333, 'compound': 0.5411}",0.0,0.667,0.333,0.5411,0.333,0.0,0.667
202,GreenEnergyGary2: Solar-powered lights are a great eco-friendly feature.,solarpowered light great ecofriendly feature,3,2,2,"{'neg': 0.0, 'neu': 0.594, 'pos': 0.406, 'compound': 0.6249}",0.0,0.594,0.406,0.6249,0.406,0.0,0.594
203,TechSavvySasha2: An app with event notifications would be very useful.,app event notification would useful,1,1,1,"{'neg': 0.0, 'neu': 0.738, 'pos': 0.262, 'compound': 0.4927}",0.0,0.738,0.262,0.4927,0.262,0.0,0.738
204,PeacefulPenny2: The serene atmosphere in the meditation zones is unmatched.,serene atmosphere meditation zone unmatched,0,3,3,"{'neg': 0.106, 'neu': 0.65, 'pos': 0.244, 'compound': 0.4019}",0.106,0.65,0.244,0.4019,0.244,0.106,0.65
205,LocalLarry2: Educational tours for schools are a brilliant idea. Engages the youth effectively.,educational tour school brilliant idea engages youth effectively,2,3,3,"{'neg': 0.0, 'neu': 0.508, 'pos': 0.492, 'compound': 0.8271}",0.0,0.508,0.492,0.8271,0.492,0.0,0.508
206,ArtisticAva2: Interactive art installations are a fantastic way to involve visitors of all ages.,interactive art installation fantastic way involve visitor age,4,3,3,"{'neg': 0.0, 'neu': 0.769, 'pos': 0.231, 'compound': 0.5574}",0.0,0.769,0.231,0.5574,0.231,0.0,0.769
207,BusyMomMia2: More childcare facilities would help busy parents enjoy the park more.,childcare facility would help busy parent enjoy park,0,2,2,"{'neg': 0.0, 'neu': 0.629, 'pos': 0.371, 'compound': 0.7096}",0.0,0.629,0.371,0.7096,0.371,0.0,0.629
208,AdventureAlex2: The new climbing wall is a great challenge for adventurous visitors.,new climbing wall great challenge adventurous visitor,4,3,3,"{'neg': 0.0, 'neu': 0.506, 'pos': 0.494, 'compound': 0.7783}",0.0,0.506,0.494,0.7783,0.494,0.0,0.506
209,RelaxedRita2: The hammock areas are perfect for a relaxing afternoon nap.,hammock area perfect relaxing afternoon nap,3,2,2,"{'neg': 0.0, 'neu': 0.537, 'pos': 0.463, 'compound': 0.7845}",0.0,0.537,0.463,0.7845,0.463,0.0,0.537
210,CommunityCarla2: Volunteer programs foster a strong sense of community pride.,volunteer program foster strong sense community pride,2,1,1,"{'neg': 0.0, 'neu': 0.551, 'pos': 0.449, 'compound': 0.6908}",0.0,0.551,0.449,0.6908,0.449,0.0,0.551
211,TechieTom2: Free Wi-Fi options are still pending. It's essential for modern visitors.,free wifi option still pending essential modern visitor,0,3,3,"{'neg': 0.0, 'neu': 0.769, 'pos': 0.231, 'compound': 0.5106}",0.0,0.769,0.231,0.5106,0.231,0.0,0.769
212,HealthNutHank2: Fresh produce from the community garden is fantastic. Encourages healthy eating.,fresh produce community garden fantastic encourages healthy eating,2,3,3,"{'neg': 0.0, 'neu': 0.41, 'pos': 0.59, 'compound': 0.8885}",0.0,0.41,0.59,0.8885,0.59,0.0,0.41
213,SportsSamantha2: More organized sports leagues would utilize the park's facilities better.,organized sport league would utilize park facility better,3,2,2,"{'neg': 0.0, 'neu': 0.775, 'pos': 0.225, 'compound': 0.4404}",0.0,0.775,0.225,0.4404,0.225,0.0,0.775
214,GreenThumbGary2: Plant workshops are educational and improve our gardening skills.,plant workshop educational improve gardening skill,4,3,3,"{'neg': 0.0, 'neu': 0.756, 'pos': 0.244, 'compound': 0.4404}",0.0,0.756,0.244,0.4404,0.244,0.0,0.756
215,MusicMaya2: More variety in background music would enhance the park's ambiance.,variety background music would enhance park ambiance,0,0,0,"{'neg': 0.0, 'neu': 1.0, 'pos': 0.0, 'compound': 0.0}",0.0,1.0,0.0,0.0,0.0,0.0,1.0
216,EventEddie2: The annual park festival is a highlight. Brings everyone together beautifully.,annual park festival highlight brings everyone together beautifully,4,0,0,"{'neg': 0.0, 'neu': 0.462, 'pos': 0.538, 'compound': 0.8519}",0.0,0.462,0.538,0.8519,0.538,0.0,0.462
217,CreativeChris2: The graffiti wall is a great outlet for local artists.,graffiti wall great outlet local artist,0,3,3,"{'neg': 0.0, 'neu': 0.687, 'pos': 0.313, 'compound': 0.6249}",0.0,0.687,0.313,0.6249,0.313,0.0,0.687
218,HappyHelen2: The fountain area is relaxing and enjoyable for both kids and adults.,fountain area relaxing enjoyable kid adult,4,2,2,"{'neg': 0.0, 'neu': 0.643, 'pos': 0.357, 'compound': 0.7269}",0.0,0.643,0.357,0.7269,0.357,0.0,0.643
219,OutdoorOscar2: Camping spots near the park are a wonderful addition for weekend getaways.,camping spot near park wonderful addition weekend getaway,3,3,3,"{'neg': 0.0, 'neu': 0.748, 'pos': 0.252, 'compound': 0.5719}",0.0,0.748,0.252,0.5719,0.252,0.0,0.748
220,YogiYara2: The designated yoga zones are peaceful and well-maintained.,designated yoga zone peaceful wellmaintained,0,3,3,"{'neg': 0.0, 'neu': 0.714, 'pos': 0.286, 'compound': 0.4939}",0.0,0.714,0.286,0.4939,0.286,0.0,0.714
221,CyclingCory2: More bike repair stations would benefit cyclists using the trails.,bike repair station would benefit cyclist using trail,1,1,1,"{'neg': 0.0, 'neu': 0.769, 'pos': 0.231, 'compound': 0.4588}",0.0,0.769,0.231,0.4588,0.231,0.0,0.769
222,FitnessFiona2: Group fitness classes are motivating and well-organized.,group fitness class motivating wellorganized,2,3,3,"{'neg': 0.0, 'neu': 0.531, 'pos': 0.469, 'compound': 0.6486}",0.0,0.531,0.469,0.6486,0.469,0.0,0.531
223,PetPamela2: Additional water stations for dogs would be much appreciated.,additional water station dog would much appreciated,1,1,1,"{'neg': 0.0, 'neu': 0.732, 'pos': 0.268, 'compound': 0.5106}",0.0,0.732,0.268,0.5106,0.268,0.0,0.732
224,StudentSteve2: Outdoor study areas are perfect for focusing while enjoying nature.,outdoor study area perfect focusing enjoying nature,0,2,2,"{'neg': 0.0, 'neu': 0.559, 'pos': 0.441, 'compound': 0.7964}",0.0,0.559,0.441,0.7964,0.441,0.0,0.559
225,FamilyFaith2: The inclusive playground ensures all children can play safely together.,inclusive playground ensures child play safely together,2,3,3,"{'neg': 0.0, 'neu': 0.616, 'pos': 0.384, 'compound': 0.6808}",0.0,0.616,0.384,0.6808,0.384,0.0,0.616
226,NatureNate2: The butterfly garden is a delightful addition for nature lovers.,butterfly garden delightful addition nature lover,1,3,3,"{'neg': 0.0, 'neu': 0.526, 'pos': 0.474, 'compound': 0.802}",0.0,0.526,0.474,0.802,0.474,0.0,0.526
227,RunnerRachel2: Smooth and well-marked running paths make training enjoyable.,smooth wellmarked running path make training enjoyable,0,1,1,"{'neg': 0.0, 'neu': 0.734, 'pos': 0.266, 'compound': 0.4404}",0.0,0.734,0.266,0.4404,0.266,0.0,0.734
228,ArtAlly2: Park art workshops inspire creativity among all participants.,park art workshop inspire creativity among participant,4,0,0,"{'neg': 0.0, 'neu': 0.526, 'pos': 0.474, 'compound': 0.743}",0.0,0.526,0.474,0.743,0.474,0.0,0.526
229,TechieTara2: Augmented reality features could greatly enhance visitor experiences.,augmented reality feature could greatly enhance visitor experience,1,0,0,"{'neg': 0.0, 'neu': 1.0, 'pos': 0.0, 'compound': 0.0}",0.0,1.0,0.0,0.0,0.0,0.0,1.0
230,PeacefulPete2: Quiet zones are ideal for reading and reflecting without distractions.,quiet zone ideal reading reflecting without distraction,3,3,3,"{'neg': 0.0, 'neu': 0.636, 'pos': 0.364, 'compound': 0.6298}",0.0,0.636,0.364,0.6298,0.364,0.0,0.636
231,CommunityCindy2: Outreach programs effectively engage underrepresented communities.,outreach program effectively engage underrepresented community,2,1,1,"{'neg': 0.0, 'neu': 0.351, 'pos': 0.649, 'compound': 0.7506}",0.0,0.351,0.649,0.7506,0.649,0.0,0.351
232,MusicMax2: Diverse music genres at events would attract a broader audience.,diverse music genre event would attract broader audience,2,3,3,"{'neg': 0.0, 'neu': 0.783, 'pos': 0.217, 'compound': 0.3612}",0.0,0.783,0.217,0.3612,0.217,0.0,0.783
233,SportsSam2: New soccer fields are well-maintained and great for local teams.,new soccer field wellmaintained great local team,0,3,3,"{'neg': 0.0, 'neu': 0.709, 'pos': 0.291, 'compound': 0.6249}",0.0,0.709,0.291,0.6249,0.291,0.0,0.709
234,GreenGina2: Composting bins are an excellent eco-friendly initiative.,composting bin excellent ecofriendly initiative,4,2,2,"{'neg': 0.0, 'neu': 0.654, 'pos': 0.346, 'compound': 0.5719}",0.0,0.654,0.346,0.5719,0.346,0.0,0.654
235,FamilyFelicia2: Stroller-friendly paths make navigating the park with little ones easy.,strollerfriendly path make navigating park little one easy,3,0,0,"{'neg': 0.0, 'neu': 0.792, 'pos': 0.208, 'compound': 0.3862}",0.0,0.792,0.208,0.3862,0.208,0.0,0.792
236,AdventureAmy2: Obstacle courses add an exciting challenge for both kids and adults.,obstacle course add exciting challenge kid adult,0,2,2,"{'neg': 0.156, 'neu': 0.562, 'pos': 0.281, 'compound': 0.25}",0.156,0.562,0.281,0.25,0.28128128128128127,0.15615615615615613,0.5625625625625625
237,TechTom2: Interactive digital maps would make navigation much easier.,interactive digital map would make navigation much easier,2,1,1,"{'neg': 0.0, 'neu': 0.741, 'pos': 0.259, 'compound': 0.4215}",0.0,0.741,0.259,0.4215,0.259,0.0,0.741
238,HistoryHank2: Historical markers provide valuable insights into the park's background.,historical marker provide valuable insight park background,1,0,0,"{'neg': 0.0, 'neu': 0.744, 'pos': 0.256, 'compound': 0.4767}",0.0,0.744,0.256,0.4767,0.256,0.0,0.744
239,YogaYasmine2: Sunset yoga sessions are magical and highly recommended.,sunset yoga session magical highly recommended,2,3,3,"{'neg': 0.0, 'neu': 0.793, 'pos': 0.207, 'compound': 0.2716}",0.0,0.793,0.207,0.2716,0.207,0.0,0.793
240,CommunityCarl2: Neighborhood potlucks foster strong community bonds.,neighborhood potluck foster strong community bond,1,1,1,"{'neg': 0.0, 'neu': 0.645, 'pos': 0.355, 'compound': 0.5106}",0.0,0.645,0.355,0.5106,0.355,0.0,0.645
241,ArtisticArthur2: Evening light installations create a mesmerizing atmosphere.,evening light installation create mesmerizing atmosphere,3,0,0,"{'neg': 0.0, 'neu': 0.741, 'pos': 0.259, 'compound': 0.2732}",0.0,0.741,0.259,0.2732,0.259,0.0,0.741
242,PetPeter2: More shaded areas for dogs would enhance our visits.,shaded area dog would enhance visit,2,2,2,"{'neg': 0.0, 'neu': 1.0, 'pos': 0.0, 'compound': 0.0}",0.0,1.0,0.0,0.0,0.0,0.0,1.0
243,RelaxedRenee2: The park's tranquility is a perfect escape from the city's hustle.,park tranquility perfect escape city hustle,0,0,0,"{'neg': 0.0, 'neu': 0.494, 'pos': 0.506, 'compound': 0.802}",0.0,0.494,0.506,0.802,0.506,0.0,0.494
244,"FitnessFaith2: New jogging tracks are smooth and scenic, perfect for daily runs.",new jogging track smooth scenic perfect daily run,4,3,3,"{'neg': 0.0, 'neu': 0.748, 'pos': 0.252, 'compound': 0.5719}",0.0,0.748,0.252,0.5719,0.252,0.0,0.748
245,MusicMolly2: Local bands add great entertainment value to park events.,local band add great entertainment value park event,3,3,3,"{'neg': 0.0, 'neu': 0.429, 'pos': 0.571, 'compound': 0.8519}",0.0,0.429,0.571,0.8519,0.571,0.0,0.429
246,FoodieFiona2: Healthy snack stands cater well to health-conscious visitors.,healthy snack stand cater well healthconscious visitor,3,0,0,"{'neg': 0.0, 'neu': 0.593, 'pos': 0.407, 'compound': 0.5859}",0.0,0.593,0.407,0.5859,0.407,0.0,0.593
247,TechieTina22: Smart benches with charging ports would significantly enhance park functionality.,smart bench charging port would significantly enhance park functionality,0,0,0,"{'neg': 0.0, 'neu': 0.787, 'pos': 0.213, 'compound': 0.4019}",0.0,0.787,0.213,0.4019,0.213,0.0,0.787
248,NatureNora2: Eco-tours educate visitors about local flora and fauna effectively.,ecotours educate visitor local flora fauna effectively,2,3,3,"{'neg': 0.0, 'neu': 0.756, 'pos': 0.244, 'compound': 0.4404}",0.0,0.756,0.244,0.4404,0.244,0.0,0.756
249,SportsSeth2: New tennis courts are in excellent condition and great for all skill levels.,new tennis court excellent condition great skill level,0,3,3,"{'neg': 0.0, 'neu': 0.606, 'pos': 0.394, 'compound': 0.8316}",0.0,0.606,0.394,0.8316,0.394,0.0,0.606
250,GreenGrace2: Rain gardens manage stormwater efficiently. Impressive eco-friendly design.,rain garden manage stormwater efficiently impressive ecofriendly design,1,3,3,"{'neg': 0.0, 'neu': 0.538, 'pos': 0.462, 'compound': 0.7184}",0.0,0.538,0.462,0.7184,0.462,0.0,0.538
